iter	Logloss
0	0.3501811337
1	0.1724536945
2	0.09318274956
3	0.0585530888
4	0.03799394818
5	0.02623862725
6	0.02022888289
7	0.01510010447
8	0.01177036453
9	0.009256431035
10	0.007713098031
